{
  "version": 1,
  "author": "Hung Pham Ngoc",
  "editor": "wokwi",
  "parts": [
    { "type": "wokwi-esp32-devkit-v1", "id": "esp", "top": 100.7, "left": -129.8, "attrs": {} },
    {
      "type": "wokwi-led",
      "id": "led1",
      "top": 25.2,
      "left": -236.2,
      "attrs": { "color": "red" }
    },
    {
      "type": "wokwi-resistor",
      "id": "r1",
      "top": 129.6,
      "left": -250.15,
      "rotate": 90,
      "attrs": { "value": "330" }
    },
    {
      "type": "wokwi-dht22",
      "id": "dht1",
      "top": 86.7,
      "left": 129,
      "attrs": { "temperature": "54.4", "humidity": "54.5" }
    },
    {
      "type": "wokwi-lcd1602",
      "id": "lcd1",
      "top": -80,
      "left": 24.8,
      "attrs": { "pins": "i2c" }
    },
    { "type": "wokwi-vcc", "id": "vcc1", "top": -104.84, "left": -9.6, "attrs": {} },
    { "type": "wokwi-pir-motion-sensor", "id": "pir1", "top": 196, "left": -285.78, "attrs": {} }
  ],
  "connections": [
    [ "esp:TX0", "$serialMonitor:RX", "", [] ],
    [ "esp:RX0", "$serialMonitor:TX", "", [] ],
    [ "dht1:VCC", "esp:3V3", "red", [ "v0" ] ],
    [ "dht1:SDA", "esp:D15", "green", [ "v0" ] ],
    [ "dht1:GND", "esp:GND.1", "black", [ "v0" ] ],
    [ "esp:D21", "lcd1:SDA", "green", [ "h47.7", "v-192.4" ] ],
    [ "lcd1:SCL", "esp:D22", "green", [ "h-38.4", "v153.9" ] ],
    [ "lcd1:GND", "esp:GND.1", "black", [ "h-19.2", "v76.8" ] ],
    [ "lcd1:VCC", "vcc1:VCC", "red", [ "h0" ] ],
    [ "r1:2", "esp:GND.2", "green", [ "h0", "v18", "h67.2", "v67.2" ] ],
    [ "r1:1", "led1:C", "green", [ "h0" ] ],
    [ "led1:A", "esp:D32", "green", [ "v0" ] ],
    [ "pir1:VCC", "esp:3V3", "red", [ "v28.8", "h249.6", "v-57.6" ] ],
    [ "pir1:GND", "esp:GND.2", "black", [ "v9.6", "h76.54", "v-48" ] ],
    [ "pir1:OUT", "esp:D12", "green", [ "v19.2", "h67.06", "v-76.8" ] ]
  ],
  "dependencies": {}
}